book,chapter,verse,vocalized_text
acts,1,20,כִּי נִכְתָּב בְּסֵּפֶר תְּהִילִים תְּהִי טִיִּרְׂתֶּם נַשְׁמָהּ בְּאַהֲלֵיהֶם אֶל־וְהִי יוֹשֵׁב וּפְקְדְׂתּוּ יִקַּח אַחֵר
acts,2,30,וּבִהְיוֹתוֹ נָבִיא וּבְדְעָתּוֹ כִּי נִשְׁבַּע יְהוָה לוֹ אֱמֶתּ לֹא יָשׁוּב מִמֶּנָּה מִפְרִי בִּטְנּוֹ כְּבָּשָׂר לְהָקִים אֶת־הַמָּשִׁיחַ וְלַשִׁית לַכִּסֵּא לוֹ
acts,3,5,וְהוּא יָחֵׂל אֲלֵיהֶם חָשֵׁב לֻקַּחַתּ מְאוּמָה מֵאַתֶּם
acts,3,10,וַיִּדְעוּהוּ כִּי זֶה הוּא אֲשֶׁר יָשֵׁב אַל־צְדָקָה בְּשַּׁעַר הַהֵיכָל שֶׁפִּירָׂה וַיִּמָּלְאוּ תִּמְהוֹן וְחָרְדָה עַל־אֲשֶׁר קָרֻהוּ
acts,3,11,וְהִפָּסַּח הַנֵּרְפֵּא בְּאָחוֹ אוֹתוֹ בְּכִיפָׂה וְיוֹחָנָן וַיָּרֵץ אֲלֵיהֶם כָּל־הָעָם בְּאוּלָם הַנִּקְרָא שְׁלֵׂמָה וַיִּתְמֵהוּ
acts,3,20,אֲשֶׁר אִם תָּבוֹא עַת רוּיָה חֳלִיפָתְּנוּ וְחַיֵּי עוֹלָם בְּהַקִּיץ תְּמוּנָתוֹּ וְנִשְׁבְּעָה שֶׁבַע שִׂמְחוֹת אֶת־פְּנֵי־אֱלׂהִים וַיִּשְׁלַח אוֹתוֹ אֲשֶׁר מֻקֻּדָּם מוֹּכֵן אֶת־יֵשׁוּעַ הַמָּשִׁיחַ
acts,3,22,וּמִׂשֶׁה אָׂמֵר לַאֲבוֹתֵינוּ כִּי נָבִיא לָכֶם מִקְרְבְּכֶם יָקִים יְהוָה אֱלׂהֵיכֶם מַאֲחֵיכֶם כְּמוֹנִי אֵלָיו תִּשְׁמָעוּן כְּכֵּׂל אֲשֶׁר יְדַבֵּר אֲלֵיכֶם
acts,6,7,ודְבֵּר אֱלׂהִים פָּׂרָׂה וְרָבֵּה וּמִסְפֶּר הַתַּלְמִידִים בִּירוּשָׁלַיִם מְאָׂד מְאָׂד וּקְהַׂל רַׂב שׁוֹמְעִים הֱיוּ לְאֱמוּנָה
acts,7,30,וּבְהַמָּלֵא עוֹד אַרְבָּעִים שָׁנָה נִרְאָה אֵלָיו בַּמִדְבֵּר הָר סִינַי מַלְאַךְ יְהוָה בְּלַבָּת אֵשׁ מִתּוֹךְ מֵהֲסֻּנָה
acts,7,51,עַם קְשֶׁה עָרֶב עֲרְלַי לֵב וְעֳׂרֳלֵי אֲזְנַיִם אַתֶּם תְּמִיד מִרְיָתֶם אֶת־רוּחַ הַקּׂדֶשׁ כָּכֶם כְּאֲבוֹתֵיכֶם
acts,7,54,וּבְשָּׁמְעָם אֶת־הָאֵלֶּה נָשׁוּרוֹ כַּלְבוֹתָם וְחָרְקוּ עָלָיו שְׁנֵימוּ
acts,9,28,וַיְהִי אַׂתָּם בָּא וַיֵּצֵא בִּירוּשָׁלַיִם וּבְבִטְחוֹן מְדֻבֵּר בְּשֵּׁם יֵשׁוּעַ
acts,9,34,וַיּׂאמֶר לוֹ כִּיפֶׂה אֲנִיא יִרָפֵּא אִׂתְּךָ יֵשׁוּעַ הַמָּשִׁיחַ קוֹם הֱצִיעָה וְרַבֵּד עָרְשְׂךָ וַיָּקָם בְּרְגַע
acts,11,12,וַתּׂאמֶר אֵלַי הָרוּחַ לְהַׂלֵךְ אַׂתָּם וְלָא לְנַכֵּר וַיָּבֹאוּ אִׂתִּי גַּם שָׁשָּׁה אַחִים הָאֵלֶּה וְּנָבוֹא בְּבֵּיִת הָאִישֶׁ
acts,11,26,וְכַאֲשֶׁר מָצְאוּ הָבִיאוּ בְּאַנְטְיוֹכְיא וַיְהִי־כִי כָּל־הַשָּׁנָה נִוֹסְדוּ יָחַד בִּקְהֻלָּה וַיְלַמְּדוּ עַם רַב וַיִּקְרְאוּ לְתַלְמִידִים בְּאַנְטְיוֹכְיא בָּרִאשׁוֹנָה נִצְרִים
acts,13,5,וּבְבוֹאָם לַשְּׁלְמִין בְּשְׂרוּ אֶת־דְּבַר אֱלׂהִים בְּעֵדוּת הַיְּהוּדִים וַיְהִי יוֹחָנָן מֻשְׁרֲתָם
acts,13,6,וְכַאֲשֶׁר הִתְהַלֲּכוּ בְּכָל־הָאֵי עַד פִּפּוּס וַיִּמְצְאוּ אֵת מְהִגֶּה אֶחָד נָבִיא שֶׁקֶר יְהוּדִי וּשְׁמוֹ בָּר יֵשׁוּעַ
acts,13,7,אֲשֶׁר הָיָה אֵת סַרְגְּיוֹס פּוֹלוֹס וְהוּא יוֹעַץ גָּדוֹל וְאִישׁ נָבוֹן זֶה קָרֵׂא לְבִרְנָבֹא וְלִשְׁאוֹל וַיְבֻקֵּשׁ לִשְׁמוֹעַ אֶת־דְּבַר אֱלׂהִים
acts,13,8,וַיָּקָם עֲלֵיהֶם אֱלִימָשִּׁיחַ הַמְּהֻגָּה כִּי כֵן מִתְוֹרֲגֵם שְׁמוֹ מֻבֻקֵּשׁ לְשׁוּבָב אֶת־יוֹעַץ הַגָּדוֹל מֵאֱמוּנָה
acts,13,9,וּשְׁאוֹל אֲשֶׁר גַּם הוּא נִקְרָא פּוֹלוֹס מָלֵא רוּחַ הַקּׂדֶשׁ הֵבִּיטוֹּ
acts,13,10,וַיּׂאמֶר אוֹי מָלֵא כָּל־מַרְמָה וְתָּךְ בֶּן־הַמְּכֻלִים אֲוַיָב כָּׂל צֶדֶק לָא תִּנּוּחַ לַשׁוּבָב אֶת־דִּרְכִּי יְהוָה הַיְּשְׁרִים
acts,13,50,וְהַיְּהוּדִים הֱסִיתוּ אֶת־נְשֵׁי יִרְאוֹת יְהוָה שׁווֹת נִכְבָּדוּת וְרָאשֵׁי הָעִיר וַּתְּחַלַּלְנָה רָסַן מֻתְּעָה וּרָדֻפָּׂה עַל־פּוֹלוֹס וּבִרָנָבֹא וַיַּשְׁלִיכוּם מִגְּבּוּלוֹתָם
acts,14,12,וּכְמַׂר הַבֹּעַל אֲשֶׁר הוּא מִחוּץ לְעִירָם הִקְרִיב שׁוֹרִים וְּכִתֵׂרוֹת אֶל־הַשְּׁעָׂרִים אֶת־הָעָם וְאָבָה לִזְבוֹּחַ
acts,14,13,וְכַאֲשֶׁר שָׁמַע הַשְּׁלִיחִים בְּרָנָבֹא וְפוֹלוֹס וַיִּקְרְעוּ אֶת־בִּגְדוֹתָם וַיּוֹנָקוּ בָּעָם וַיִּצְעֲקוּ
acts,14,14,לְאָמָר הָאֲנָשִׁים מָה תַּעֲשׂוּ אֶת־הַדְּבָרִים הָאֵלֶּה וַאֲנַחְנוּ כְּמוֹכֶם אֲנָשִׁים אֲנוּשִׁים וּמֵתִים הֱיִינוּ מְבַּשְּׂרִים אֶתְכֶם לְהָשִׁיב מֵאֱלִילִים הָאֵלֶּה אֶל־אֱלׂהֵי חַי אֲשֶׁר בָּרָא אֶת־הַשָּׁמַיִם וְאֶת־הָאָרֶץ וְאֶת־הַיָּם וְכָל־אֲשֶׁר בָּם
acts,14,15,אֲשֶׁר בְּדוּרוֹת הָרִאשׁוֹנוֹת הֵנִיחַ כָּל־הַגּוֹיִם לָלֶכֶת בְּדַרְכֵּיהֶם
acts,14,16,אַף כִּי גַּם עַל־־נַפְשׁוֹ עָׂזֶב לָהֶם עֵדוּת מֵטִיב בַּשָּׁמַיִם נוֹתָן לָנוּ בְּעִתּוֹ גַּשְׁמִי־בָּרָכָה וְנָתַּן עַץ הַשָּׂדֶה אֵת פִּרְיוֹ וְהָאָרֶץ תֻּתֵּן יְבוּלָה וּמַשְּׁבִּיעַ אָׂכֵל וְּשִׂמְׂחָה אֶת־לִבּוֹתֵינוֹּ
acts,14,18,וּבְהָאֲרֵיכֶם וּבִלְמְדָם שָׁם בָּאוּ יְהוּדִים מֵאַנְטִיכִיאוּמְאִיקָנוּן וַיִּפְתוּ אֶת־הָעָם וַיִרְגְּמוּ אֶת־פּוֹלוֹס וַיִּמְשְּׁכּוּהוּ אֶל־מִחוּץ לָעִיר וּמִתְחַשְּׁבִים כִּי מֵת הוּא
acts,15,29,לְנְצֵר מְזֻבְּחֵי הָאֱלִילִים וּמִדָּם וּמִנַחָנָק וּמִתְּוּנוֹת וְכׂל אֲשֶׁר לָא תֵׂאֲבוּ לְהַעֲשׂוֹת לְנַפְשְׁכֶם לַאֲחֵרִים לָא תַּעֲשׂוּ וּמֵאֵלֶּה אִם תִּצְרוּ נַפְשְׁכֶם תִּיטִיבוֹן חִזְּקוּ וַיּׂאֱמַץ לְבָכֶם וְקוֹוֹ אַל־יְהוָה
acts,15,30,וְכַאֲשֶׁר נִשְׁלְּחוּ בָּאוּ לָהֶם לַאֲנִיטוֹכִיא וַיַּקְהִילוּ אֶת־הֶהָמוֹן וַיִּתְּנוּ לָהֶם אֶת־אֲגְרָׂתָּ
acts,15,32,וַיְהוּדָה וְשֶׁיּלֹא הָיוּ נְבִיאִים גַּם־הֵמָּה לְכְךְ בִּדְבָר רַב נֶחֱמוֹ חָזְקוּ וְאֶמְצוּ אֶת־הָאַחִים
acts,15,39,וַיְהִי־רִיב בֵּינֵיהֶם כֵּן אֲשֶׁר נִפְרַד אִישׁ מַרְעֵהוּ וּבְרָנָּבֹא לֻקַּחַ אֵלָיו אֶת־מַרְקוֹס וַיֵּלֶךְ כְּפָּׂרָׂה
acts,16,11,וְכַאֲשֶׁר הֻלְּכְנוּ מִן טְרואוֹס בְּמָרוֹץ יָשֵׁר בָּאֲנוֹ בִּסְמותִרְאָקָי וּבַיּוֹם מְחֵׂר לָעִיר נֶאֱפוּלִים
acts,16,29,וַיִּבְעַר לְפִידִים וַיִּדַלֵּׂג וּבְרְעָדָה גְדוֹלָה נָפֵׂל אֶל־רַגְלַי פּוֹלוֹס וְשֶׁיִּלָא
acts,16,30,וַיּוֹצְאָם הַחוּצָה וַיּׂאמַר אֲדוֹנִי מָה צַרְכִּי לַעֲשׂוֹת אֲשֶׁר אוֹּשֻׁעַ
acts,16,31,וְהֵמָּה אִמְרוּ הָאָמֵן בְּיֵשׁוּעַ הַמָּשִׁיחַ וְתוֹשֻׁע אֵת וְכַׂל בֵּיֶתֶךָ
acts,16,33,וַיִּקָּחֵם בְּאוֹתָהּ שָׁעַת הַלַּיְלָה וַיִּרְחֵׂץ אֶת־נִגְעֵיהֶם וַיִּטַּבֹּל הוּא וְכַׂל בֵּיתוֹ בְּרְגַע
acts,16,34,וַיְבִיאֵם לְבֵיתוֹ וַיָּשֶׂם אֶת־הַשֻּׁלְחָן וַיִּגַּל עַם כָּל־בֵּיתוֹ מַאֲמִין בִּיְהוָה
acts,17,2,וּפוֹלוֹס בָּא אֲלֵיהֶם כְּתְעוֹּדָתוֹ וּבַשְׁלוֹשֶׁת שִׁבְתוֹּת יְדַבֵּר אֲלֵיהֶם מֻכְתְּבִים
acts,17,3,פּוֹתַחַ וּמוֹכִיחַ כִּי צֶׂרֶךְ הַמָּשִּׁיחַ לְעַנּוֹת וּלָקוֹם מִמַּתִים וְכִי זֶה הַמָּשִּׁיחַ יֵשׁוּעַ הוּא אֲשֶׁר אֲנִי מִגִּיד לָהֶם
acts,17,4,וּמְקְצְתֶּם הֶאֱמִינוּ וְּדִבְקוּ בְּפוּלוֹס וְשֶׁיּלֹא וּמִיּוֹנִים יִרְאֵי אֱלׂהִים הֲמוֹן רַׂב וּמֻנָּשִׁים רִאשׁוֹנוֹת לָא מֵעֲטוָה
acts,17,5,וַיְהוּדִים אֲשֶׁר אֵינָם מַאֲמִינִים בִּקְנֵאת לִקְּחוֹ אֱלׂהִים חֶבֵל אַנְשֵׁי־בְּלִיעַל וַיַּקְהִילוּ וַיֶּהֱמּוּ אֶת־כָּׂל הָעִיר וַיָקוּמוּ עַל־בֵּיִת יָסוֹן וַיְבַקְשׁוּם לְהוֹצִיאָם אֶל־הָעָם
acts,17,6,וְכַאֲשֶׁר לָא מִצְאוּם וַיִּמְשְּׁכּוּ אֶת־יָסוֹן וְקָצַת הָאַחִים אַל־נְשִׂיאֵי הָעִיר זְׂעֳקִים כִּי הַנּוֹסְחַי כָּל־הַתְּבֵל הֵמָּה בֹּאוּ גַּם הַפֶּׂה
acts,17,11,וְהָאֵלֶּה הָיוּ חוֹרִים מֵאֲשֶׁר בְּתַסְלּוּנִיקָא כִּי קִבְלוּ אֵת הַדָּבָר עִם כָּל־חוֹשׁ וְיוֹמָם וְלַיְלָה הֶהֱגוּ בִּכְתַבִּים אִם יִהְיוּ כֵן הַדְּבָרִים הָאֵלֶּה
acts,17,23,כִּי בְּהִתְהַלֲּכִי וּבְהַבִיטִי אֶת־בֵּית יִרְאֶׂתְכֶם מְצָאתִי אֵת הַבָמָה אֲשֶׁר בָּהּ נִכְתָּב לְאֵל לָא נוֹדֵע לָכֵן אֶת־־הָאֵל אֲשֶׁר בִּשְּׁגְּגָהּ יִרַעְתֶּם אוֹתוֹ אֲנִי מִגִּיד לָכֶם
acts,18,3,וְכִי בֶּן־אֱמְנוֹתָם הוּא וַיַּעֲזֵׂב אַׂתָּם וַיִּפָּׂעַל כִּי אֱמְנוֹתָם אוֹרְגִי־יְרִיעוֹת הֵמָּה
acts,19,26,וְרוּאִים וְשׁוֹמְעִים אַתֶּם כִּי לָא בִּלְבֵד בְּאֶפְסוֹס כִּי אִם כַּמְעַט בְּכָל־אֲסְיא פּוֹלוֹס הֻׂלֵז מֻפֻּתָּה וּמֵסִית עַם רַׂב לֵאמׂר כִּי אֵינָם אֱלׂהִים אֲשֶׁר בִּיָדִים נַעֲשׂוֹ
acts,19,31,וַאֲנָשִׁים אֲחֵדִים מִנְּשִׁיאֵי אַסִיא רֵעַי פּוֹלוֹס שָׁלְחוֹ אֵלָיו וְהִתְחַנֲנוּ לוֹ מִתְּתּוּ אֶת־נַפְשׁוֹ לְבַּיִת הַקְּהָלּ
acts,19,34,וּבְדַעְתָּם כּ יְהוּדִי הוּא בְּקוֹל אֶחָד כֻּלָּם יַחְדָּוֹ צַעֲקוּ לִשְׁתֵּי שָׁעוֹת לֵאמׂר גְּדֻלָּה הִיא אֲרְטֻמִיס
acts,19,37,הוֹלָכְתֶּם אֶת־הָאֲנָשִׁים הָאֵלֶּה אֲשֶׁר לָא בִּזְזו אֶת־הַהֵיכָל וְלָא קָלְלוּ אֶת־אַלְהֲתְכֶם
acts,20,35,כָּל־דְּבָרִים חֲוִּיָתִי לָכֶם כִּי כֶׂה שָׁוָה לָנוּ לְקַבֹּל אֶת־הַחֲׂלויִם לִזְכֵּׂר דִּבְרֵי אֲדׂנֵינוּ יֵשׁוּעַ כִּי הוּא אָׂמֵר אַשְׁרֵי־הָאִישׁ הַמּוֹתִיר לָתֵת מֻשָׁאָת
acts,21,28,וְזוֹעָקִים אַנְשֵׁי יִשְׂרָאֵל עֻזּוֹרוֹ כִּי זֶה הוּא הָאֱנוֹשׁ אֲשֶׁר עַל־הָעָם וְעַל־הַתּוֹרָה וְעַל־הַמָּקוֹם הַזֶּה אֶת־כֻּלָּם בְּכָל־מְקוֹמִים מְלַמֵּד וְעוֹדֶנּוּ מוֹלֶיךָ בְּהֵיכָל וּמִטֻּמֵא אֶת־מָקוֹם הַקָּדוֹשׁ הַזֶּה
acts,21,29,כִּי רְאוּ אַת טְרוֹפִימוֹס הָאַפְסַי בָּעִיר עָתּוֹ אוֹתוֹ חָשְׁבוּ כִּי בְּהֵיכָל הוֹלִיכָנּוּ
acts,21,30,וַתָּהֶם כָּל־הָעִיר וַּתְּהִי מְרוֹּצַת הָעָם וַיִּתְפְּשׂוּ אֶת־פּוֹלוֹס וַיִּמְשְּׁכּוּ אוֹתוֹ מִחוּץ לְהֵיכָל וּמְהֵרָה נִסְגְּרוּ הֻדְׂלֵׂתוֹת
acts,21,33,וַיִּקְרַׂב שֵׂר אָלֶף וַיִּקְּחֻהוּ וַיָצַוּ וַיַּאֲסְּרֻהוּ בִּשְׁנֵי־אָזְקַים וַיַּחַקֵּר מִי הוּא וּמָה מַעֲשָׂיו
acts,21,34,וַאֲחֵרִים זַעֲקוּ אֶת־אֲחֵרוֹת בָּעָם וְכַאֲשֶׁר לָא יוּכַל לָדַעַתּ אֶת־אֱמֶתּ בַּעֲבוֹּר הַמָּלָה וַיְצַוּ לְהֲבִיאוֹ אֶל־הַמַּחֻנָה
acts,21,36,וַתָּבוֹא אַחֲרָיו הֲמוֹן עַם רַׂב צָעוּק שְׁאוּהוּ
acts,21,37,וּבְהֵחֵׂל פּוֹלוֹס לְהוֹבֹא אֶל־הַמַּחֻנָה אָׂמֵר לְשֵׂר אָלֶף אִם כְּשַׁר לְפָנֶיִךָ לְדַבֵּר אֵלֶיךָ וְהוּא אָׂמַר הַיְּדַעְתָּה יוֹנִיתָ
acts,21,39,וַיּׂאמֶר פּוֹלוֹס אֲנִי אִישׁ יְהוּדִי מֻטַרְסוֹס עִיר קִילִיקִיא מְהֻלֲּלָה עִירֵנִי שׁוֹאֵל אֲנִי מִמְּךָ הִנִּיחָה לִי לְדַבֵּר אֶל־הָעָם
acts,22,17,וַיְהִי־בְשּׁוּבִי יְרוּשָׁלַימָה וּבְהִתְפַּלֲּלִי בְּהֵיכָל כִּי הָיִיתִי בְּתִרְדֻּמָהּ
acts,23,6,וְכִי יָדַׂע פּוֹלוֹס כִּי חֵׂלֵק אֶחָד הָיָה מִצְדּוֹקִים וְחֵׂלֵׂק אַחַר מִפְּרוּשִׁים וַיִּקְרָא בְּעֲדָה הָאֲנָשִׁים אַחִי אֲנִי מֻפָּרֵשׁ הוּא בֶּן־נָדוֹן הַמֵּתִים הַמְפָּרֵשׁ וְעַל־תִּקְוָה וַתְקוּמַת אָנָכִי
acts,27,3,וְלַיּוֹם הַבָּא פְּגַעֲנּוּ בְּצִיָדוֹן וְיוֹלְיוֹס הִתְהַלֵּךְ אֶת־פּוֹלוֹס בֵּרֶךְ וְחֶסֶד וְהִנִּיחוּ לָלֶכֶת אֶל־רֵעָיו לְבֻקֵּשׁ רוֹיָה רוּחָה רִׂפְאוֹת לְשְׂרוֹ וְּשָׁקוֹּי לְעֲצְמוֹתָיו
acts,27,40,וְכַאֲשֶׁר גִּלְלוּ אֶת־הָעֲגוֹת הִנִיחוּ אֳנִיָּה לִיִם וּכְאֶחָד הִתִירוּ אֶת־צְמִידֵי הִתְחֲבּוּלָה וְהָרִימוּ נָס גָּדוֹל לְרוּחַ נַשְׁבָּה בּוֹ לִתַקוֹף אֶת־הַיְּבָּשָׁה
acts,27,41,וּבְנְפוֹל אוֹתָנוּ אֶל־מָקוֹם מֻשְׁפָּתִים הַתַקְדִימוּ בַּתִּקֵּׂף אֶת־הָאֳנִיָּה וְרָׂאשׁ הָאֳנִיָּה נַחַתָּ לַעֲׂמֵׂד ולָא נָמוֹט אַךְ אֲחוֹרוֹ נִקְרַע בְּעִים הָרוּחַ וְהַגָּלִים
corinthians1,3,10,כֻּתַּחֲנַּת אֱלׂהִים הִנְּתְנָה לִי כְּמוֹ חָׂרֵשׁ חָכֶם שְׁתִּי אֶת־יָסוֹד וְאַחֵר יָבְנָה עָלָיו אִישׁ אִישׁ יִרְׂאֶה אֵיךְ יְבְנָה עָלָיו
corinthians1,4,13,מְנְאֲצִים נִתְחָנָן כְּמוֹ מְדְּמְנּוֹת הָעוֹלָם הָיִינוּ סָחִי וּמֵאוֹס כֻּלָּם כְּסּוּחָה בִּקָרַׂב חֲצוֹת עַד הַיּוֹם הַזֶּה
corinthians1,4,16,לָכֵן שְׂאֵל אֲנִי מִמְּכֶם תִּדְמוּ לִי
corinthians1,5,12,כִּי־מָה אֵלַי וַאֲשֶׁר בָּחוּץ הוּא לִשְׁפֵׂט אוֹתוֹ הֲלֵא אֶת־אֲשֶׁר בְּבֵּית תִּשְׁפֵּטוּ
corinthians1,6,1,אִישׁ אִישׁ מִמִּכֶם אֲשֶׁר לוֹ דָּבָּר עַל־רֵעֵהוּ הֲיִמָלְאוּ לִבוֹ לְהִשָׂפֵט לִפְנֵי־הָרְשָׁעִים ולָא לִפְנֵי הַקְּדוֹשִׁים<unk>
corinthians1,6,2,הֲלֵא יְדַעְתֶּם כִּי־הַקְּדוֹשִׁים יִשְׁפְּטוּ אֶת־הָעוֹלָם וְאִם בָּכֶם יִשְׁפֵּׂט הָעוֹלָם הֲלֵא יָשׁוּוּ לָכֶם מֻשְׁפָּטִים קְטַׂנִּים הַזֶּהָ<unk>
corinthians1,6,4,וְאִם עַד־הִנֵּה תְבִיעוֹת הַתְּהוָה יֵשׁ לָכֶם לְשְׂפֵׂט אוֹ זִׂלּוֹת לִבְנֵי אָדָם אֲשֶׁר בִּקְהֻלַּת הַשָּׂפֵט בְּמִּשְׁפָּטָ<unk>
corinthians1,8,1,וַעֳׂלֵי־זִבְחֵי אֱלִילִים יָדַעְנּוּ כִּי־לְכֻלָּנוּ יֵשׁ דַּעֲהוְהָדַע מִפִּיחָה וְהָאָהֲבָה בּוֹנָה
corinthians1,9,7,מִי נִלְחָם מֻלְמְחָה כְּתוֹצְאוֹת עַצְמוֹ בְּכָל־עֵת אוֹ־מִי נָׂטַע כֶּרֶׂם וּמִפְרָיוֹ לָא אוֹּכַל אוֹ מִי רָׂעֶה צָׂאָן וּמְחֻלֵּב הַצֵּאֵן לָא אוּכָל
corinthians1,9,12,אִם אֲחֵרִים לַוֹקְחִים לָהֶם שִׁלְטוֹן עֲלֵיכֶם כַּמָּה יוֹתֵר שָׁוֹה אַךְ לָא לֻקַּחֲנוּ לָנוּ־אֵת שִׁלְטוֹן הַזֵּׂאת כִּי אִם כַּלְכַלְּתִּי כָּׂל פֶּן כִּיגִיעַ אֶחָד נוֹגִיעַ בְּשׂוֹרַת הַמָּשִׁיחַ
corinthians1,10,17,כִּי־לְחֶם אֶחָד גְּוִיָּה אַחַת רַבִּים אֲנַחְנוּ כֻּלָּנוּ אֲשֶׁר מֻלֻּחֵם אֶחָד <unk>וֹמֲכּוֹס אַחְתָ<unk> מִתְחַבְּרִים אֲנַחְנוּ
corinthians1,12,2,יָדַעְתֶּם כִּי כַּאֲשֶׁר הָיִיתֶם גּוֹיִּים הֻׂלַכְתֶּם אֶל־הָאֱלִילִים פֶּׂה לָהֶם ולְא יְדַבְּרוּ כָּמוֹ אֲשֶׁר הוֹלִיכוּ אֶתְכֶם
corinthians1,12,8,וּלְאֶחָד בָּרוּחַ נָתַּן דְּבָּר חֲכְמָה וּלְאֶחָד דָּבָּר בֵּינָה כְּרוּחַ הַהִיא
corinthians1,12,9,וּלְאַחַר הָאֱמוּנָה כָּרוּחַ הַהִיא וּלְאַחַר מֻתְּנוֹת הָרְפוּאוֹת כְּרוּחַ הַהִיא
corinthians1,12,28,וַיָּשֶׂם אֱלׂהִים בִּקְהֻלָּה בָּרִאשׁוֹנָה אֵת הַשְּׁלִיחִים שֵׁנִיתָ אֶת־הַנְּבִיאִים שְׁלִישִׁית אֶת־הַמְלֻמָּדִים וְאַחֲרֵיהֶם אֶת־הַכָּׂחוֹת וְאַחֲרֵי־כֵן מַתְּנוֹת הָרְפוּאוֹת מְעֲוִיִם תַּחֲבּוּלוֹת וּמִיְנֵי הַלְשׁוֹנוֹת
corinthians1,13,12,מְבִּיטִים אֲנַחְנוּ עַתָּה כְּמוֹ בְּמִּרְאָה בְּחַיָּדָה וְאוֹ מֻפְּנִים אֶל־פְּנִים עֵת יוֹדְעִים אֲנַחְנוּ בְּחֵׂלֶק וְאָז נִדְעָה כְּמוֹ נוֹדְעָה
corinthians1,14,5,וּמִי־יֻתֵּן אֲשֶׁר כֻּלָּכֶם תְּדַבֵּרוּ בְּלַשׁוֹנוֹת אַךְ יוֹתֵר אֲשֶׁר תִּתְּנּבֹּאוּן כִּי־הַמִּתְנּבֵּא גָּדוֹל הוּא מֻמְּדֻּבֵּר בְּלְשׁוֹנוֹת בִּלְבָד אִם מְבֹאֵר הוּא הַקְּהֲלָּה מֻבְנָה תֻּקַּח מִמֶּנּוּ
corinthians1,15,40,וְגוּפוֹת הַשָּׁמַיִם וְגוּפוֹת מִתַּחַת הָאָרֶץ וְגַם כָּבוֹד אַחַר הוּא לְגוּפוֹת הַשָּׁמַיִם וְגַם אַחֵר לַאֲשֶׁר מֻתַּחַת הָאָרֶץ
corinthians1,15,41,כָּבוֹד אַחֵר לֻשָּׁמֶׂשׁ וּכָבוֹד אַחֵר לְלְבָנָה וְּכָבוֹד אַחֵר לְכּוֹכָבִים כִּי מְחֲלֵׂקֶת הִיא בֵּין כּוֹכָב לְכוֹּכָב בִּכָבוֹדָ
james,2,25,וּכְמוֹ כֵּן גַּם רָחַב אִשָּׁה זוֹנָה הֲלֵא מִמַּעֲשִׂים נִצְדָּקָה הַמְקְבְּלָה אֶת־הַמַּלְאָכִים וּבַדֶּרֶךְ אַחֵר מֻשְׁלֻחָה
james,3,1,אַל־יִהְיוּ מְלַמְּדִים רַבִּים בָּכֶם יוֹדְעִים כִּי־ מֻשְׁפָּט גָּדוֹל מֵאֲחֵׂרִים נִשָׂא
james,3,16,כִּי־אַיֵּה קְנָאָה וּמִרִיבָה שָׁם הַדָּׂחִי וְכָל־מַעֲשֶׂה שׁוּא
james,3,17,וְהַחֲכְמָה אֲשֶׁר מַלְמַעֲלָה בָּרִאשָׁנָה זָכָה הִיא וְאַחֲרֵי־כֵן תְּבֻקֵּשׁ שָׁלוֹם וַתִּרְדְּפֻּהוּ סִלְחָה שׁוֹמָעָה לַיקְהָה מַלְאָה חֶסֶד וְּרַחֲמִים וּמַלְאָה מַעֲשִׂים טוֹבִים לָא מִתְנַּכָּרֶׂתּ וּבְלִי־תֵךְ וּמַרְמָה
james,4,2,אַף־כִּי־תִתְאֲוּוּ בְּנַפְשְׁכֶם וְאֵין תְּהַרְגוּ וְתִּקְנָאוּ ולָא תוּכֲלוּ לְהַחֲזִיק רוֹב תְּרִיבוּ וַתִּלְחֲמוּ ולָא יִהְיֶה לָכֶם עַל־כִּי־לָא שֶׁוְּאֲלִים אַתֶּם
james,4,17,כִּי־אֲשֶׁר יִוֹדֵעַ לַעֲשׂוֹת טוֹב וְלָא עָׂשֵׂהוּ חַטָּאָה לוֹ דְּמוּ בָּרִאשׁוֹ
james,5,3,זְהֲבָכֶם וּכְסַּפְכֶם עָשְׂשׂוֹ וְעֲׂשָׂהֶם יִהְיֶה לָהֶם לְעֵדוּת וַיֶּׂאֱכַׂל אֶת־בְּשְׂרְכֶם כָּמוֹ אֵשׁ אֲשֶׁר אֲצְרְתֶּם לָכֶם לְאַחֲרִית הַיָּמִים
james,5,4,הִנֵּה שָׂכֶר הַפּוֹעָלִים אֲשֶׁר קָצְרוּ אֶת־אֲרְצֵיכֶם הַשְּׁכוֹל מִמְּכֶם קוֹרֵא וְזוֹּעַק וּזַעֲקֶת הַקּוֹצְרִים בָּאָה עַל־אָזְנֵי יְהוָה צְבָאוֹת
james,5,6,חֲיִּבְתֶּם וְהֲרְגְתֶּם אֶת־הַצַּדִּיק אֲשֶׁר לָא הִתְקוֹמֵם עֲלֵיכֶם
john1,2,8,וְעוֹד מְצְוֶּה חֲדָשָּׁה כּוֹּתָב אֲנִי־אֲלֵיכֶם שְׁהִיא אֱמֶתּ בּוֹ וּבָכֶם כִּי־הַחֱשְׁךְ עָׂבֹר וְהָאוֹר נֶאֱמָן עַתָּה נָגָהּ
john1,2,13,כּוֹתָב אֲנִי אֲלֵיכֶם הָאֲבוֹת כִּי־יְדַעְתֶּם אוֹתוֹ אֲשֶׁר הָיָה מְבְרֵאשִׁית כּוֹתָב אֲנִי אֲלֵיכֶם הַבְּחוֹּרִים כִּי־גְבַרְתֶּם מֵרָעַ
john1,2,16,כִּי כׂל אֲשֶׁר בְּעוֹלָם תְּאֲוֹּת הַבָּשָׂר הוּא וַתְּאֲוֹּת עֵינַיִם וּגְאוֹן הַחַיָּה אֵינֶנָּה מִן־הָאָב כִּי־אִם מִן־הָעוֹלָם
john1,2,18,בְּנִי עֵת קֵץ הִיא וְכַאֲשֶׁר שְׁמַעְתֶּם כִּי־יָבוֹא מָשִּׁיחַ שֶׁקֶר וּמֵעַת מִשִׁיחֵי שְׂקְרִים רַבִּים הֱיוּ מֵאִיזָא יוֹדְעִים אֲנַחְנוּ כִּי־עֵת קֵץ הִיא
john1,3,20,וְאִם לְבָבֵנוּ יְחִיּב אוֹתָנוּ כַּמָּה גָּדוֹל הָאֱלׂהִים מִלְבְבֵנוּ וַיִּוֹדֵע אֶת־כָּׂל דְּבָרִים
john1,4,15,לָכֵן כָּל־אֲשֶׁר יְתּוֹּדָה כִּי־יֵשׁוּעַ הוּא בֶּן־אֱלׂהִים בּוֹ מְעוֹדֵד אֱלׂהִים וְהוּא אֱלׂהִים
john1,4,17,בָּזֵׂאת נִשְׁלְמָה הָאָהֲבָה עִמָּנוּ אֲשֶׁר תְּהִי־לְ<unk>נוּ בִּטָּחוֹן בְּיּוֹם דִּין כִּי־כְמוֹתוֹ הוֶה גַּם הוֹוִיִם אֲנְ<unk>חְנוּ בְּעוֹלָם הַזֶּה
mark,3,5,וַיְבִיטָם מַסָבִיב בְּחֵמָה וַיִּשְׁתּוֹחַחַ עַל־כֻּהַת לְבִבָהֶם וַיֵּׂאמֶר אֶל־הָאִישׁ הַטֵׂה אֶת־יָדֶךָ וַיָט וְתוֹשֵׁב יָדוֹ בְּרִיאָה כָּמוֹ הָאֲחֶרֶתּ
mark,3,9,וַיּׂאמֶר לְתַלְמִידָיו לְהַקְרִיב אֵלָיו אֳנִיָּה בַּעֲבוֹּר הָעָם פֶּן־יוֹנוּהוּ
mark,4,7,וְאַחֵר נָפַל בַּקוֹצִים וַיַּעֲלוּ הַקּוֹצִים וַיְּחַנְּקוּהוּ וּפָרָיו לָא נָתֵּן
mark,4,19,וְהַדְּׂאֲגוֹת הָעוֹלָם הַזֶּה וּמֻרְמַת הַהוֹן וּמַחֲמְדִּי עַין עַל־אֲחֲרִיתֶם יָבוֹאוּ וַיַּחַנָּקוּ אֶת־הַדָּבָר וּפִרָיוֹ לָא יַעֲשֶׂה
mark,4,25,כִּי כָּל־אֲשֶׁר הָיָה לוֹ יִנָּתֶּן לוֹ וַאֲשֶׁר אֵינֶנּוּ לוֹ דָּבָּר גַּם אֶת־אֲשֶׁר לוֹ יֻקַּח מִמֶּנּוּ
mark,5,7,וַיִּזְעַק בְּקוֹל גָּדוֹל לְאמׂר מָה לִי וָלְךְ יֵשׁוּעַ בֶּן־אֱלׂהֵי הֶעֱלָיוֹן אֲשְׁבִּיעָה בֵּאֱלׂהִים פֶּן־תַּשְׁמֵׂנִי
mark,5,37,וְלָא הִנִּיחַ אִישׁ לָבוֹא אַחֲרָיו כִּי אִם אֶת־כִּיפָׂה וַיַּעֲקֵׂב וְיוֹחָנָן אֲחִי יַעֲקֵׂב
mark,5,41,וַיֶּׂחֱזֵּׂק בְּיַד הַנַּעֲרָה וַיֵּׂאמֶר לָהּ טְלִיתָא קוֹמִי וְהוּא מִתְרְגֵּם הַנַּעֲרָה אוֹמַר אֲנִי לְךְ קוֹמִי
mark,6,9,כִּי אִם לְהִנְעִיל אֵת מֻנְּעֲלִים ולָא לְלְבוֹשׁ שְׁתַּיִם כֻּתֳּנּוֹת
mark,6,10,וַיּׂאמֶר לָהֶם אִם תָּבוֹאוּ בֵיְתָה שָׁבוּ שָׁם עַד כִּי תָצְאוּ מִשָּׁם
mark,6,11,וְכֵׂל אֲשֶׁר לָא יִקְּחוּ אֶתְכֶם וְלְא יִשְׁמְעוּ אֶתְכֶם צְאוּ מִשָּׁם וַתִּנָּפְצוּ גַּם אֶת־עֲפֶר אֲשֶׁר תַּחַת רַגְלֵיכֶם לְעֵדוּת לָהֶם אָמֵן אֲנִי אוֹּמֵר לָכֶם נִרְפָּׂה תִּהְיֶה לִסְדוֹם וְעֲמוֹּרָה בַּיּוֹם דַּין מֵעִיר הַזּׂאת
mark,6,12,וַיֵּצְאוּ וַיִּקְרְאוּ לַעֲשׂוֹתָם תְּשׁוּבָה
mark,6,48,וַיַּרְא כִּי־הִשְׁתּוֹמֲמוּ־בְּהִתְדַפְּקָם כִּי־הָיְתָה רוּחַ לָהֶם לְהָפֵׂךְ וּבְמִּשְׁמֻרָת הָאַרְבָּעִית הַלַּיְלָה בָּא אֲלֵיהֶם מִתְהַלֵּךְ עַל־הַיּוֹם וְאָבָה לַעֲׂבֹר אוֹתָם
mark,8,29,וְהוּא אָׂמֵר לָהֶם וְאַתֶּם אֶת־מִי אוֹמְרִים כִּי אֲנִי הוָה וַיַעַן כִּיפָׂה וַיֵּׂאמֶר לוֹ אֵת הוֶה הַמָּשִׁיחַ
mark,9,12,וַיַּעַן וַיֵּׂאמֶר לָהֶם וֶאֱלִיָּהוּ יָבוֹא בָּרִאשׁוֹנָה וַיָּשׁוּבֵב כֻּלָּם וְכַאֲשֶׁר נִכְתָּב עַל־בֶּן־הָאָדָם כֵּן־יִנָּגַּע יָכֶה וַיְּעֻנֶּה
mark,11,21,וַיּוֹכֵר כִּיָּפָׂה וַיֵּׂאמֶר לוֹ רַבִּי רָׂאֶה וְהִתְאֲנָּה אֲשֶׁר אָרוֹּת יְבָּשֶׁה
mark,12,26,וְעַל־הַמֵּתִים כִּי יָקוּמוּ הֲלֵא קִרָאַׂתָּם בְּסֵּפֶר מֻׂשֶׁה לֵאמׂר וַיִּקְרָא אֵלָיו אֱלׂהִים מִתּוֹךְ הַסְּנָה וַיּׂאמַר אָנְׂכִי אֱלׂהֵי אַבְרָהָם וְאֱלׂהֵי יִצְחָק וְאֱלׂהֵי יַעֲקֵׂב
mark,13,2,וַיַּעַן יֵשׁוּעַ וַיֵּׂאמֶר לוֹ הָרוּאָה אֶת־בְּנִינַים הָאֵלֶּה הַגְּדוֹלִים לְא תִּנַּח אֶבֶן עַל־אֶבֶן עַל־מַכֻּנֻתָּהּ אֲשֶׁר לָא תְהַרֵס
mark,13,3,וּבַשָּׁבָּתוּ עַל־הַר הַזֵּיתִים לְנֶגֶד הַהֵיכָל שְׁאֲלוּ בִּלְבְדָם כִּיפָׂה וַיַּעֲקֵׂב וְיוֹחָנָן וַאֲנִדְרָאוּס
mark,13,4,אָׂמֵר לָנוּ מֵתִּי יִהְיוּ הָאֵלֶּה וּמָה הָאוֹת כִּי־יָכְלּוּ כָּׂל הַדְּבָרִים הָאֵלֶּה
mark,13,5,וְיֵשׁוּעַ עֻנָּה לָהֶם וַיָּחֶׂל לְדַבֵּר רְאוּ פֶּן יְשִׂיאֲכֶם אִישֶׁ
mark,13,6,כִּי־רַבִּים יָבוֹאוּ בִּשְּׁמִי לֵאמׂר כִּי אֲנִי הוּא וַיֻּתְּעוּ לְרַבִּים
mark,13,7,וְאִם תִּשְׁמְעוּ מִלְחָמוֹת וּשְׁמוֹעוֹת הַמִּלְחָמוֹת אַל תִּבְהֲלוּ כִּי־צָרִיךְ לִהְיוֹת אַךְ עַד־הִנֵּה אֵינֶנּוּ הִקֵּץ
mark,13,8,כִּי יָקוּם גּוֹי עַל־גּוֹי וּמַמְלְכָה עַל־מַמְלָכָה וַיִּהְיֶה רַעַשׁ בְּכָׂל מְקוֹמוֹת וַיִּהְיֶה רָׂעָב וּמְהוֹּמָה רֵאשִׁית הַחֲׂבֵלִים הָאֵלֶּה
mark,14,3,וְכַאֲשֶׁר הָיָה בְּבֵיִת עָנִיּהָ בְּבֵּיִת שִׁמְעוֹן הַמְּצוֹּרֵע בַּשַּׁבָּתוּ בְּשֻׁלְחָׂן בָּאָה אִשָּׁה אֲשֶׁר לָהּ פְּךְ בָּהֵט בְּשֵּׁם נֶׂרֶד רָׂאשׁ יָקֵר מְאָׂד וַתְּשַׁבֵּר אֶת־הַבָּהָט וַתִּשְׁפֵּךְ עַל־רִאשׁוֹ
mark,14,24,וַיּׂאמֶר לָהֶם זׂאת יֶשׁ־דֳּׂמִי דַּׂם בְּרִית הַחֲדָשָׁה אֲשֶׁר עַל־רַבִּים נִשְׁפָּךְ
mark,14,25,אָמֵן אֲנִי אוֹּמֵר לָכֶם כִּי עוֹד לָא אִשְׁתָּה מֵאֲנָב הַגֶּׂפֶן עַד־הַיּוֹם הַהוּא אֲשֶׁר בּוֹ אֲשְׁתְּנוּ חָׂדֶשׁ בְּמַלְכוּת אָבִי
mark,14,27,וַיּׂאמֶר לָהֶם יֵשׁוּעַ כִּי כֻלָּכֶם תְּכֻשֻּׁלוּ בִּי בְּלַיְלָה הַזֶּה כִּי־נִכְתָּׂב הָךְ אֶת־הָרוּעָה וַתִּפּוֹּצֶינָה וְהַצֵּׂאָן
mark,14,28,אֲבָל אַחֲרֵי קוֹמִי אֲקְׂדִים אֶתְכֶם בִּגְלִילָה
mark,14,29,וְכִיפָׂה אָׂמֵר לוֹ וְאִם־כֻּלָּם יְכֻשֻּׁלוּ אַךְ אֲנִי לְעוֹלָם לָא אָכֻשָּׁל
mark,15,4,וּפִילָטוֹס שֵׁב וְּשָׁאֵל לוֹ לֵאמׂר הֲלֵא תְּעֻנֶּה דַּבָּר רָׂאָה כַּמָּה עֵדוּת יַעֲנוּ עָלֶיךָ
mark,15,15,וּפִילָטוֹס רוֹּצָה לַעֲשׂוֹת לְעָם כִּרְצוֹנָם וַיִּפָּטֵׂר אֶת־בָּר־אָבֹא וַיֻּתֵּן אֶת־יֵשׁוּעַ לֵיסֵר בַּשָּׁוֹטִים וּלְהוֹקְעַ
mark,16,6,וְהוּא אָׂמֵר לָהֵן אַל תִּבְעָתוּ מְבְקְשׁוֹת אַׂתֵּן אֶת־יֵשׁוּעַ הַנְּׂצְרִי אֲשֶׁר הִתְלּוּהוּ קָם הוּא וְאֵינֶנּוּ פָׂה הִנֵּה הַמָּקוֹם אֲשֶׁר שְׁמֻוֻהוּ שָׁמָּהּ
mark,16,7,אֲבָל לְכָנָּה וְאָמַרְנָה לְתַלְמִידָיו וּלְכִיפָׂה כִּי־הוּא מְקְדִים אֶתְכֶם בִּגְלִילָה שָׁם תִּרְאֲוּהוּ כַּאֲשֶׁר אָׂמֵר לָכֶם
mark,16,9,וְכַאֲשֶׁר קָם יֵשׁוּעַ בַּבֹקֶר בְּאֶחָד בַּשַּׁבָּת נִרְאָה בָּרִאשָׁנָה לַמְרִים הַמְגְדְּלֵנִית אֲשֶׁר מִמֶּנָּה הוֹצִיא שִׁבְעָה שֵׁדִים
mark,16,10,הִיא הֻׂלָכָה וַתֻּגֵּד לַאֲשֶׁר הָיוּ עִמּוֹ אֲבָלִים וּבוֹכִים
mark,16,11,וְכַאֲשֶׁר שָׁמְעוּ הֵמָּה כִּי־חַי הוּא וְכִי נִרְאֶה מֵהֵנָה לָא הֶאֱמִינוּ
mark,16,15,וַיּׂאמֶר לָהֶם לָכוּ אֶל־כָּל־הָעוֹלָם וְקִרְאוּ אֶת־הַבְּשׂוֹרָה לְכָל הַבְרִיאָה
mark,16,17,וְאִׂתּוֹת אֲשֶׁר יַעֲשׂוּ הַמַּאֲמִינִים אֵלֶּה הֵן בִּשְּׁמִי יוֹצִיאוּ שֵׁדִים בְּלְשׁוּנוֹת חֲׂדָשׁוֹת יְדַבֵּרוּ
thessalonians1,1,3,מַזְכִּירִים אֶת־מַעֲשֶׂה אֱמוּנַתְכֶם וְאֵת יְגִיעַת הָאָהָבָה וְאֶת־דָּמִית שֶׁבֶּרֶת אֲדׂנֵינוּ יֵשׁוּעַ הַמָּשִּׁיחַ לִפְנֵי אֱלׂהִים וַאֲדוֹנִינוּ
thessalonians1,4,13,וְלְא אֶכְּחַד מִכֶּם אַחַי עַל־הַיּשְׁנִים פֵּן תְּרִידוּ בְּשִּׁיָּחָם וַּתְהִימוֹן כְּמוֹ הַשְּׁאֲרִים לַאֲשֶׁר לָא יֶשׁ־לָהֶם הַשִּׁבְרָה
thessalonians1,4,16,כִּי־יְהוָה הוּא בְּהִיֶדֵד בְּקוֹל מַלְאָךְ הָרָׂאשׁ בַּשּׁוֹפָר תְּרוּעַת אֱלׂהִים יָרֵׂד מַשָּׁמַיִם וְהַמֵּתִים בַּמָּשִׁיחַ יָקוּמוּ בָּרִאשׁוֹנָה
thessalonians1,4,17,וְאַחֲרֵי כֵן אֲנַחְנוּ הַחַיִּים הַנִּשְׁאָרִים יַחְדָּו עִמּוֹ נֶחֱטָּף וּנִלֻּקַּח בְּעֳנָנִים לִקְרֵׂאׂתָ אֲדׂנֵינוּ יְהוָה בְּאֲוִיר וְכֻכֶּה תָמִיד נִהְיָה עָם יְהוָה
thessalonians1,5,12,וְשִׁוְאֲלִים אוֹתְנּוּ מִמְּכֶם אַחֵינוּ לְדַעְתְּכֶם אֶת־הַיּוֹגְעִים בָּכֶם וְהַמְּצְבִּים עֲלֵיכֶם בִּיְהוָה וּמְלְמְדִים אֶתְכֶם
thessalonians1,5,28,תְּחֲנַּׂת אֲדׂנֵינוּ יֵשׁוּעַ הַמָּשִׁיחַ עִם כֻּלָּכֶם אָמֵן
